{"cameraMode":{"drawMode":0,"name":"Shaded","section":"Shading Mode"},"sceneLighting":false,"audioPlay":false,"sceneViewState":{"m_AlwaysRefresh":false,"showFog":true,"showSkybox":false,"showFlares":true,"showImageEffects":true,"showParticleSystems":true,"showVisualEffectGraphs":true,"m_FxEnabled":true},"in2DMode":false,"pivot":{"x":750.2962036132813,"y":368.17193603515627,"z":0.3155483305454254},"rotation":{"x":-0.10345136374235153,"y":0.057255733758211139,"z":-0.0059651704505085949,"w":-0.9929699897766113},"size":2.4165639877319338,"orthographic":false}