{"cameraMode":{"drawMode":0,"name":"Shaded","section":"Shading Mode"},"sceneLighting":false,"audioPlay":false,"sceneViewState":{"m_AlwaysRefresh":false,"showFog":true,"showSkybox":false,"showFlares":true,"showImageEffects":true,"showParticleSystems":true,"showVisualEffectGraphs":true,"m_FxEnabled":true},"in2DMode":false,"pivot":{"x":0.000644385814666748,"y":0.33735936880111697,"z":-5.960464477539063e-8},"rotation":{"x":0.2664431631565094,"y":0.044799238443374637,"z":-0.01239850651472807,"w":0.962729811668396},"size":0.7005972862243652,"orthographic":false}