{"cameraMode":{"drawMode":0,"name":"Shaded","section":"Shading Mode"},"sceneLighting":false,"audioPlay":false,"sceneViewState":{"m_AlwaysRefresh":false,"showFog":true,"showSkybox":false,"showFlares":true,"showImageEffects":true,"showParticleSystems":true,"showVisualEffectGraphs":true,"m_FxEnabled":true},"in2DMode":false,"pivot":{"x":-0.04687868431210518,"y":0.26275795698165896,"z":-0.0059359073638916019},"rotation":{"x":0.3308258652687073,"y":-0.04046408832073212,"z":0.014203270897269249,"w":0.9427211284637451},"size":0.3266063630580902,"orthographic":false}